time,places,tweet
2023-02-10 07:00:08,,"How to รู้สึกดีขึ้น เวลาที่…
คิดเยอะ &gt;&gt; ไปเขียน
กังวัล &gt;&gt; นั่งสมาธิ
เหนื่อย &gt;&gt; ไปนอน
เศร้า &gt;&gt; ออกกำลังกาย
เครียด &gt;&gt; ออกไปเดินเล่น
โมโห &gt;&gt; ฟังเพลง
ขี้เกียจ &gt;&gt; ลดจอ
เบิร์นเอาท์ &gt;&gt; หาอะไรอ่าน https://t.co/i6RVppXFdK"
2023-02-10 02:32:27,"Bangkok, Thailand","เด็กชาย ม.1 ถูกรุ่นพี่ ม.3

“บังคับสูบกัญชาในห้องน้ำ รร.!”

จนหมดสติ หัวใจหยุดเต้นชั่วขณะ นอน รพ. 5 วัน ระหว่างนั้น รร. ไม่ติดต่อมาเลย

จนวันที่ออกจาก รพ. ติดต่อมาบอกว่าน้องซื้อกัญชามาดูดเอง ทั้งที่น้องก็มีแชตหลักฐานว่ารุ่นพี่ขู่ให้รับผิดไปคนเดียว

https://t.co/78B57utTow https://t.co/ZWnbdUyJl7"
2023-02-10 09:09:33,Thailand,"⚠️อัพเดท! #ฝืนตื่นประท้วง (ประท้วงด้วยการไม่นอนหลับ) วันที่ 4 เก็ทมีอาการเพิ่มเติม ดังนี้
.
▪️มือซ้ายสั่นมาก
▪️ลูกตากลอกเองโดยที่ควบคุมไม่ได้ บางครั้งจะเห็นภาพส่ายไปส่ายมา จึงทำให้อ่านหนังสือไม่ไหวแล้ว
.
ส่วนต้อม-แบงค์ ถูกเบิกตัวมาศาลอาญาเพื่อฟังรายงานสืบเสาะ ทนายจึงไม่ได้เยี่ยม https://t.co/g4iSep0KkL"
2023-02-10 17:29:13,สลิ่มของหยางมี่ 🐝 มี่เฟิง,@junexch ฟังเพลงกล่อมนอนลื่นหูดี นอนไม่หลับเลยทีเดียว 555555555
2023-02-10 17:29:13, ,กุต้องนอนได้ละมั
2023-02-10 17:29:12,NO EXO NO LIFE ,ตอนนี่ปิดไฟจะนอนแล้วแต่สิ่งที่ต้องเจอเพื่อนคอลมาโชว์กินอ่านะ https://t.co/uJ76ANJ23r
2023-02-10 17:29:12,₊˚ˑ 🐄 ꔛ🥛﹆ nct,นอนไม่หลับถ้าหลับแล้วไม่ตื่นแน่นอน….
2023-02-10 17:29:12,"Bangkok, Thailand",ผมนอนตายตาลงะงงำงำงำงงไไมไววไวไวไวไวไวไวไวไไวย/นพ่พภนย_ย_สภสพยะ https://t.co/JH4h8LGfwN
2023-02-10 17:29:11,,@ONLY_I62 ตื่นจีงคั้บๆจะนอนก็กชัวไม่ได้ดูTT
2023-02-10 17:29:05,Open 07:00 - 21:00,500ไม่เซฟ (2ทุน) ก่อนนอนรีวิวแฮชแท็กหน้าไบโอ  #รับปั่นบาคาร่า
2023-02-10 17:29:05,𓈈 𝖼𝗎𝗍𝗂𝖾  ☁️🎐♡  ꒦꒷꒷꒦ ,จะเอ๋ ไหนใครยังไม่นอนบ้างครับ https://t.co/khMZuzcEzn
2023-02-10 17:29:05,,ตื่นเต้นจะกดบัตรคอน นอนไม่หลับอีกแล้ว
2023-02-10 17:29:01,"( 20 ) anime addicted
rt fav nsfw content !
gego, mostly all mc",@m3iiy_q เกวเรานอนให้
2023-02-10 17:29:01,Taro Milktea Flagship Store,จะว่าไม่เครียดก็ไม่ได้หรอก ขนาดวันนี้น้องมีงาน พอจะมีอะไร distract ความฟุ้งซ่านไปได้บ้างแต่ก็คิดมากเป็นพักๆ ฮือออ วันนี้มีหมื่นอารมณ์ ควรไปนอน 🥺 https://t.co/0JcSXB4W80
2023-02-10 07:00:08,,"How to รู้สึกดีขึ้น เวลาที่…
คิดเยอะ &gt;&gt; ไปเขียน
กังวัล &gt;&gt; นั่งสมาธิ
เหนื่อย &gt;&gt; ไปนอน
เศร้า &gt;&gt; ออกกำลังกาย
เครียด &gt;&gt; ออกไปเดินเล่น
โมโห &gt;&gt; ฟังเพลง
ขี้เกียจ &gt;&gt; ลดจอ
เบิร์นเอาท์ &gt;&gt; หาอะไรอ่าน https://t.co/i6RVppXFdK"
2023-02-10 02:32:27,"Bangkok, Thailand","เด็กชาย ม.1 ถูกรุ่นพี่ ม.3

“บังคับสูบกัญชาในห้องน้ำ รร.!”

จนหมดสติ หัวใจหยุดเต้นชั่วขณะ นอน รพ. 5 วัน ระหว่างนั้น รร. ไม่ติดต่อมาเลย

จนวันที่ออกจาก รพ. ติดต่อมาบอกว่าน้องซื้อกัญชามาดูดเอง ทั้งที่น้องก็มีแชตหลักฐานว่ารุ่นพี่ขู่ให้รับผิดไปคนเดียว

https://t.co/78B57utTow https://t.co/ZWnbdUyJl7"
2023-02-10 09:09:33,Thailand,"⚠️อัพเดท! #ฝืนตื่นประท้วง (ประท้วงด้วยการไม่นอนหลับ) วันที่ 4 เก็ทมีอาการเพิ่มเติม ดังนี้
.
▪️มือซ้ายสั่นมาก
▪️ลูกตากลอกเองโดยที่ควบคุมไม่ได้ บางครั้งจะเห็นภาพส่ายไปส่ายมา จึงทำให้อ่านหนังสือไม่ไหวแล้ว
.
ส่วนต้อม-แบงค์ ถูกเบิกตัวมาศาลอาญาเพื่อฟังรายงานสืบเสาะ ทนายจึงไม่ได้เยี่ยม https://t.co/g4iSep0KkL"
2023-02-10 17:29:13,สลิ่มของหยางมี่ 🐝 มี่เฟิง,@junexch ฟังเพลงกล่อมนอนลื่นหูดี นอนไม่หลับเลยทีเดียว 555555555
2023-02-10 17:29:13, ,กุต้องนอนได้ละมั
2023-02-10 17:29:12,NO EXO NO LIFE ,ตอนนี่ปิดไฟจะนอนแล้วแต่สิ่งที่ต้องเจอเพื่อนคอลมาโชว์กินอ่านะ https://t.co/uJ76ANJ23r
2023-02-10 17:29:12,₊˚ˑ 🐄 ꔛ🥛﹆ nct,นอนไม่หลับถ้าหลับแล้วไม่ตื่นแน่นอน….
2023-02-10 17:29:12,"Bangkok, Thailand",ผมนอนตายตาลงะงงำงำงำงงไไมไววไวไวไวไวไวไวไวไไวย/นพ่พภนย_ย_สภสพยะ https://t.co/JH4h8LGfwN
2023-02-10 17:29:11,,@ONLY_I62 ตื่นจีงคั้บๆจะนอนก็กชัวไม่ได้ดูTT
2023-02-10 17:29:05,Open 07:00 - 21:00,500ไม่เซฟ (2ทุน) ก่อนนอนรีวิวแฮชแท็กหน้าไบโอ  #รับปั่นบาคาร่า
2023-02-10 17:29:05,𓈈 𝖼𝗎𝗍𝗂𝖾  ☁️🎐♡  ꒦꒷꒷꒦ ,จะเอ๋ ไหนใครยังไม่นอนบ้างครับ https://t.co/khMZuzcEzn
2023-02-10 17:29:05,,ตื่นเต้นจะกดบัตรคอน นอนไม่หลับอีกแล้ว
2023-02-10 17:29:01,"( 20 ) anime addicted
rt fav nsfw content !
gego, mostly all mc",@m3iiy_q เกวเรานอนให้
2023-02-10 17:29:01,Taro Milktea Flagship Store,จะว่าไม่เครียดก็ไม่ได้หรอก ขนาดวันนี้น้องมีงาน พอจะมีอะไร distract ความฟุ้งซ่านไปได้บ้างแต่ก็คิดมากเป็นพักๆ ฮือออ วันนี้มีหมื่นอารมณ์ ควรไปนอน 🥺 https://t.co/0JcSXB4W80
2023-02-10 14:55:47,,นอนเลยดีไหม จะได้ไม่ต้องคิดอะไรละ
2023-02-10 14:55:44,,ช่วยด้วยเครียดมากนอนไม่หลับกลัวกดบัตรไม่ได้
2023-02-10 14:55:44,,เงี่ยนอีกแล้วควยแม่งขยันแข็งจริงๆ ทำไงน้อถึงได้แม่มานอนกกกอดแล้วถอกควยให้นางอมพอได้เพลินๆ แล้วสลับหัวท้ายจัด69ท่าโปแล้วเบิร์นหีกินน้ำหีน้ำเงี่ยนมันให้หนำใจ นอนดมกลิ่นหีกลิ่นหำของกันและกัน แหม๊แค่คิดก็มันสสส์แล้วจริงๆ
2023-02-10 14:55:43,Pandora,"""ข้าไม่ได้บอกฝันดีซะนานเลย""

ตะวันลับเส้นขอบฟ้า​ไปครู่ใหญ่​แล้ว

""ข้าหวังว่าวันนี้จะเป็นวันที่เจ๋งของใครหลายคนไม่มากก็น้อย​ และราตรีสวัสดิ์​พวกเจ้าล่ะ​ อย่านอนดึกให้มาก!"""
2023-02-10 14:55:43,"Bangkok, Thailand",ชุดนอนเดินสยามดิสแบบใหม่แบบสับ https://t.co/MV3INFWN6i
2023-02-10 14:55:41,,อาบน้ำแล้วนอนได้มีลุงๆคนไหนจะมานอนมุดโสร่งเป็นเพื่อนบ้างมั้ยอะ https://t.co/kOsFMYSTIn
2023-02-10 14:55:38,"beat (intp.) : my body breathes, heart still beating but I am not alive",รีบนอนกันเถอะเรา พรุ่งนี้มีสงคราม
2023-02-10 14:55:32,"Bangkok , Thailand",ส่วนชั้นตอนนี้คือ เหนื่อยนอน 💯 https://t.co/R1zFXUMAzQ
2023-02-10 14:55:31,———— # 𝖯𝖶𝖴_𝖲𝖲𝟥,"#มหาวิทยาลัยที่มีห่านสุดต้าชย่านบางนา , 

เดี๋ยวไปส่งเพลงกล่อมนอนและบอกฝันดี"
2023-02-10 14:55:47,,นอนเลยดีไหม จะได้ไม่ต้องคิดอะไรละ
2023-02-10 14:55:44,,ช่วยด้วยเครียดมากนอนไม่หลับกลัวกดบัตรไม่ได้
2023-02-10 14:55:44,,เงี่ยนอีกแล้วควยแม่งขยันแข็งจริงๆ ทำไงน้อถึงได้แม่มานอนกกกอดแล้วถอกควยให้นางอมพอได้เพลินๆ แล้วสลับหัวท้ายจัด69ท่าโปแล้วเบิร์นหีกินน้ำหีน้ำเงี่ยนมันให้หนำใจ นอนดมกลิ่นหีกลิ่นหำของกันและกัน แหม๊แค่คิดก็มันสสส์แล้วจริงๆ
2023-02-10 14:55:43,Pandora,"""ข้าไม่ได้บอกฝันดีซะนานเลย""

ตะวันลับเส้นขอบฟ้า​ไปครู่ใหญ่​แล้ว

""ข้าหวังว่าวันนี้จะเป็นวันที่เจ๋งของใครหลายคนไม่มากก็น้อย​ และราตรีสวัสดิ์​พวกเจ้าล่ะ​ อย่านอนดึกให้มาก!"""
2023-02-10 14:55:43,"Bangkok, Thailand",ชุดนอนเดินสยามดิสแบบใหม่แบบสับ https://t.co/MV3INFWN6i
2023-02-10 14:55:41,,อาบน้ำแล้วนอนได้มีลุงๆคนไหนจะมานอนมุดโสร่งเป็นเพื่อนบ้างมั้ยอะ https://t.co/kOsFMYSTIn
2023-02-10 14:55:38,"beat (intp.) : my body breathes, heart still beating but I am not alive",รีบนอนกันเถอะเรา พรุ่งนี้มีสงคราม
2023-02-10 14:55:32,"Bangkok , Thailand",ส่วนชั้นตอนนี้คือ เหนื่อยนอน 💯 https://t.co/R1zFXUMAzQ
2023-02-10 14:55:31,———— # 𝖯𝖶𝖴_𝖲𝖲𝟥,"#มหาวิทยาลัยที่มีห่านสุดต้าชย่านบางนา , 

เดี๋ยวไปส่งเพลงกล่อมนอนและบอกฝันดี"
2023-02-10 12:22:16,,I loveคิวกลางวันน ส่วนงานไหนคิวกลางคืนกูไม่รับเลย5555555 เงินก็อยากได้แต่กูอยากนอนมากกว่า5555 เงินก็สำคัญแต่สุขภาพสำคัญกว่า😌😌😌😌😌😌
2023-02-10 12:22:16,ุ선정,อยากส่งช้าดว่สเดดไลน์แต่ก้ทำไม่ได้ แมงเอย ง่วง อยากนอนแลว
2023-02-10 12:22:13,,กูเกลียดทุกคนที่มีอิทธิพลกับการนอนของกู
2023-02-10 12:22:07,"𓂃  •    ₊   ˚  Love you 𝘵𝘪𝘭𝘭 𝘬𝘪𝘯𝘨𝘥𝘰𝘮 𝘤𝘰𝘮𝘦  ‧   ʚ♡⃛ɞ   ⋆  𓂃
",นอนไม่หลับแน่เลยคืนนี้
2023-02-10 12:22:06,"⠀
⠀◉ 𝖋vcking hot as hell

⠀don’t touch me if you don’t wanna die
⠀but if you want it, just come and be my good girl
⠀ ⠀⠀⠀♱̥̇ 𓈒@ployperth𓈒 ♱̥̇",@lollipofx นอนเถอะนอนอีกได้
2023-02-10 12:22:04,,ว่าจะนอนต่อ กุตื่นเรย   5555 ความขี้ชิปนี้
2023-02-10 12:22:02,,"มิกซ์ : มีไม่เยอะมากอ่ะ แต่มิกซ์ไม่ค่อยยิบมาใส่ด้วย คนที่ใส่ก็จะเป็นเอิร์ท

ชุดนอนน้องคนพี่ชอบใส่ 🥺
#คนค้นตู้xมิกซิว
#เอิร์ทมิกซ์ #EarthMix https://t.co/Q2Rj8P9cRD"
2023-02-10 12:21:57,SH JN JN DY JH JM TY JW ,"ไม่ตื่นเต้นหรอก เเต่คืนนี้คงนอนไม่หลับ
 #NCTDREAM_THEDREAMSHOW2_in_BKK"
2023-02-10 12:22:16,,I loveคิวกลางวันน ส่วนงานไหนคิวกลางคืนกูไม่รับเลย5555555 เงินก็อยากได้แต่กูอยากนอนมากกว่า5555 เงินก็สำคัญแต่สุขภาพสำคัญกว่า😌😌😌😌😌😌
2023-02-10 12:22:16,ุ선정,อยากส่งช้าดว่สเดดไลน์แต่ก้ทำไม่ได้ แมงเอย ง่วง อยากนอนแลว
2023-02-10 12:22:13,,กูเกลียดทุกคนที่มีอิทธิพลกับการนอนของกู
2023-02-10 12:22:07,"𓂃  •    ₊   ˚  Love you 𝘵𝘪𝘭𝘭 𝘬𝘪𝘯𝘨𝘥𝘰𝘮 𝘤𝘰𝘮𝘦  ‧   ʚ♡⃛ɞ   ⋆  𓂃
",นอนไม่หลับแน่เลยคืนนี้
2023-02-10 12:22:06,"⠀
⠀◉ 𝖋vcking hot as hell

⠀don’t touch me if you don’t wanna die
⠀but if you want it, just come and be my good girl
⠀ ⠀⠀⠀♱̥̇ 𓈒@ployperth𓈒 ♱̥̇",@lollipofx นอนเถอะนอนอีกได้
2023-02-10 12:22:04,,ว่าจะนอนต่อ กุตื่นเรย   5555 ความขี้ชิปนี้
2023-02-10 12:22:02,,"มิกซ์ : มีไม่เยอะมากอ่ะ แต่มิกซ์ไม่ค่อยยิบมาใส่ด้วย คนที่ใส่ก็จะเป็นเอิร์ท

ชุดนอนน้องคนพี่ชอบใส่ 🥺
#คนค้นตู้xมิกซิว
#เอิร์ทมิกซ์ #EarthMix https://t.co/Q2Rj8P9cRD"
2023-02-10 12:21:57,SH JN JN DY JH JM TY JW ,"ไม่ตื่นเต้นหรอก เเต่คืนนี้คงนอนไม่หลับ
 #NCTDREAM_THEDREAMSHOW2_in_BKK"
2023-02-10 09:48:41,,@maposocute นี้ขนาดนอนตี1-2 ตัดมาที่เรานอน4ทุ่ม😔
2023-02-10 09:48:33,"𓈃 TH/EN 𓐇 日本語 (少し) ◝｡  
__________________________🎀🤍🍡

晴れ女 & アクター　、黛灰

please read ↓ ‎ᜊ꒰ྀི  ˊᵕˋ   ྀི꒱ᜊ   ",@nxtty___ กิ้ดดด นอนด่วนนน
2023-02-10 09:48:24,catsgoesmeow_realbaekho_ars_dw,นอนไว=ตีอะไรเอ่ย55556666
2023-02-10 09:48:24,태국바나,"ง่วงนอนมากแบบมากกกกกกก 

คืนนี้จะนอนเร็ว!"
2023-02-10 09:48:41,,@maposocute นี้ขนาดนอนตี1-2 ตัดมาที่เรานอน4ทุ่ม😔
2023-02-10 09:48:33,"𓈃 TH/EN 𓐇 日本語 (少し) ◝｡  
__________________________🎀🤍🍡

晴れ女 & アクター　、黛灰

please read ↓ ‎ᜊ꒰ྀི  ˊᵕˋ   ྀི꒱ᜊ   ",@nxtty___ กิ้ดดด นอนด่วนนน
2023-02-10 09:48:24,catsgoesmeow_realbaekho_ars_dw,นอนไว=ตีอะไรเอ่ย55556666
2023-02-10 09:48:24,태국바나,"ง่วงนอนมากแบบมากกกกกกก 

คืนนี้จะนอนเร็ว!"
2023-02-10 07:15:02,,ชอบฟสวันนี้อะดูสู้ชีวิตดี นอนแต่ก้ต้องปลุกตัวเองให้ลุกมาจด😵‍💫
2023-02-10 07:14:58,❌บังพิ้งบาร์เอียง🤢❌บล็อกหมด,อยากนอนส่องข่าวหน้าทล.
2023-02-10 07:14:57,CLIQUE,@cliqjrxhaechan ได้นอนมั่งไหม
2023-02-10 07:14:53,โสด เต๊าะได้แต่ห้ามจีบ,คือนอนต่อแล้วฝันว่าตื่นมาอีกทีมืดแล้ว อดกินสิ่งที่คิดไว้ 😭 สะดุ้งตื่นแทบไม่ทัน
2023-02-10 07:14:51,dream station exit 1,"[โพสต์จีวอน]
🐰: คุณฮายองมาถึงแล้วค่ะ..^^
🐰: วิ่งเข้ามาด้วยสีหน้ายิ้มแย้มและประหลาดใจ 5555
🐰: ฉันทำสปาเก็ตตี้ไม่เก่ง พี่เลยเป็นคนต้มเองค่ะ
🐰: แค่ได้กลิ่นก็ท้องร้อง
🐰: กินด้วยกัน ❤️

[โพสต์ฮายอง]
🍞: ความสุข = สปาเก็ตตี้ 
🍀: จีวอนคงมีความสุขที่ไม่นอนไปก่อน55
🍞: ใช่เลย https://t.co/jtNn8izz49"
2023-02-10 07:15:02,,ชอบฟสวันนี้อะดูสู้ชีวิตดี นอนแต่ก้ต้องปลุกตัวเองให้ลุกมาจด😵‍💫
2023-02-10 07:14:58,❌บังพิ้งบาร์เอียง🤢❌บล็อกหมด,อยากนอนส่องข่าวหน้าทล.
2023-02-10 07:14:57,CLIQUE,@cliqjrxhaechan ได้นอนมั่งไหม
2023-02-10 07:14:53,โสด เต๊าะได้แต่ห้ามจีบ,คือนอนต่อแล้วฝันว่าตื่นมาอีกทีมืดแล้ว อดกินสิ่งที่คิดไว้ 😭 สะดุ้งตื่นแทบไม่ทัน
2023-02-10 07:14:51,dream station exit 1,"[โพสต์จีวอน]
🐰: คุณฮายองมาถึงแล้วค่ะ..^^
🐰: วิ่งเข้ามาด้วยสีหน้ายิ้มแย้มและประหลาดใจ 5555
🐰: ฉันทำสปาเก็ตตี้ไม่เก่ง พี่เลยเป็นคนต้มเองค่ะ
🐰: แค่ได้กลิ่นก็ท้องร้อง
🐰: กินด้วยกัน ❤️

[โพสต์ฮายอง]
🍞: ความสุข = สปาเก็ตตี้ 
🍀: จีวอนคงมีความสุขที่ไม่นอนไปก่อน55
🍞: ใช่เลย https://t.co/jtNn8izz49"
2023-02-10 04:41:22,나의 우주야 * keep me up / ay-yo ♡,เหมือนเป็นโรคกลัวชาไปละ ถ้ากินแล้วเจอชาเข้มๆ นี่กลัวนอนไม่หลับเลย 😭 ชาเขียวเมซอนมันเข้มจังwa
2023-02-10 04:41:19,⚠️ ปักโพค้า,ผลของการนอนตีสี่ครึ่ง ภูมิแพ้กำเริบแบบ จามจนปวดกระบอกตา ไอชิบหาย 😩
2023-02-10 04:41:19,per acc ,เพลงไรเนี่ยไมเศร้าจังวะจะนอนร้องไห้ในห้องญี่ละนะ
2023-02-10 04:41:17,"‎⠀ ཐིྐ❤︎ཋྀ

              ‎I see a butterfly dancing on the wind
              ‎Merging with the sky, It's time to begin",ไม่ยอมนอนๆๆๆ อดทนๆๆๆ
2023-02-10 04:41:22,나의 우주야 * keep me up / ay-yo ♡,เหมือนเป็นโรคกลัวชาไปละ ถ้ากินแล้วเจอชาเข้มๆ นี่กลัวนอนไม่หลับเลย 😭 ชาเขียวเมซอนมันเข้มจังwa
2023-02-10 04:41:19,⚠️ ปักโพค้า,ผลของการนอนตีสี่ครึ่ง ภูมิแพ้กำเริบแบบ จามจนปวดกระบอกตา ไอชิบหาย 😩
2023-02-10 04:41:19,per acc ,เพลงไรเนี่ยไมเศร้าจังวะจะนอนร้องไห้ในห้องญี่ละนะ
2023-02-10 04:41:17,"‎⠀ ཐིྐ❤︎ཋྀ

              ‎I see a butterfly dancing on the wind
              ‎Merging with the sky, It's time to begin",ไม่ยอมนอนๆๆๆ อดทนๆๆๆ
2023-02-10 02:08:00,Sleep Light Studio,โมโหละนอนไม่หลับค้วยยยย
2023-02-10 02:07:53,kwangya,อยากขึ้นห้องไปนอน พี่ปล่อยหนูเถอะ
2023-02-10 02:07:50,ประเทศไทย,@xol_8m โรงแรม 55 อยากหาโรงแรมนอน เห็นทวิตนั้นรีวิวว่าดี แต่คืนละ 30k
2023-02-10 02:07:48,,แมวคือ อ้อนชั้นแค่ตอนหิว จะนอน กับเข้าห้องน้ำแค่นี้สินะ มนุดทาสแมวอย่างชั้น ก็มีค่าแค่นี้แหละ
2023-02-10 02:08:00,Sleep Light Studio,โมโหละนอนไม่หลับค้วยยยย
2023-02-10 02:07:53,kwangya,อยากขึ้นห้องไปนอน พี่ปล่อยหนูเถอะ
2023-02-10 02:07:50,ประเทศไทย,@xol_8m โรงแรม 55 อยากหาโรงแรมนอน เห็นทวิตนั้นรีวิวว่าดี แต่คืนละ 30k
2023-02-10 02:07:48,,แมวคือ อ้อนชั้นแค่ตอนหิว จะนอน กับเข้าห้องน้ำแค่นี้สินะ มนุดทาสแมวอย่างชั้น ก็มีค่าแค่นี้แหละ
2023-02-09 23:34:34,,อยากนอนแบบนอนทั้งวัน แต่ต้องทำงานอีก 3 วันแน่ะ เห้ออออม
2023-02-09 23:34:28,รักแมวอ้วนที่ชื่อจุ้บจิ้บค่ะ,นอนพร้อมกับแฟน ✅ https://t.co/u1HhU3QqV3
2023-02-09 23:34:27,"20↑ - infj , 4w5
feel free to unfollow
",ละเมาส์กุไม่มีเมาส์กลางอีก เวน เทจบ ๆ ละนอนไปเลยดีไหม
2023-02-09 23:34:19,exo nct,เมือคืนนอนสี่ทุ่มใครจาเชื่อ
2023-02-09 23:34:34,,อยากนอนแบบนอนทั้งวัน แต่ต้องทำงานอีก 3 วันแน่ะ เห้ออออม
2023-02-09 23:34:28,รักแมวอ้วนที่ชื่อจุ้บจิ้บค่ะ,นอนพร้อมกับแฟน ✅ https://t.co/u1HhU3QqV3
2023-02-09 23:34:27,"20↑ - infj , 4w5
feel free to unfollow
",ละเมาส์กุไม่มีเมาส์กลางอีก เวน เทจบ ๆ ละนอนไปเลยดีไหม
2023-02-09 23:34:19,exo nct,เมือคืนนอนสี่ทุ่มใครจาเชื่อ
2023-02-09 21:01:03,,ทำยังไงอ่ะ ตื่นมาร้องไห้ตอนตี4แล้วตอนเช้าต้องไปทำงาน ได้นอนไปชมเดียวเอง จะไหวมั้ยอ่ะ
2023-02-09 21:01:02,,เมื่อวานนอนตี 5 เกือบ 6 โมง ละวันนี้นอนกี่โมงหนิ จริงๆคือควรรีบนอนนะ เพราะมีบินเที่ยง ออกบ้าน 6 โมง 🥲 เป็นกำลังใจให้ร่างกายนขด้วยนะคะ ขอโทษทีที่ใช้งานหนักหน่วง
2023-02-09 21:01:01,,@SeenJum ง่วงก็ไปนอนนน
2023-02-09 21:00:57,"𝙩𝙤𝙤 𝙝𝙤𝙩, 𝙩𝙤𝙤 𝙝𝙤𝙩",อเมกาโน่ทำกูไม่ได้หลับไม่ได้นอนเลย ปากหาวฟอดๆเเต่ตาค้างสู้ชีวิตมาตั้งเเต่เที่ยงคืน จะตาย
2023-02-09 21:00:51,,@mehorny2021 นอนปุๆ
2023-02-09 21:00:40,,นอนดึกอีกละ
2023-02-09 21:00:37,,@grcgr4c โห่แข่งกันกันหนูเลยนอนดึกเพราะทำรูปเนี่ย5555 ชอบมากกก
2023-02-09 21:00:33,,แต่นอนน้อย กินข้าวไม่ตรงเวลาไอ้สีนด่า จบ
2023-02-09 21:00:10,,ผลของการนอนไม่หลับปวดหัวไปดิ
2023-02-09 21:00:05,"จ.ชลบุรี, ประเทศไทย","โทษน้ะเมื่อคืนไม่สบายนอนแต่ยังไม่สองทุ่มเลยไม่ไดช่วยเทรนรักน้ะพ่อเขม คุณฉัตร
#GiffarineChinaxMileApo
@Nnattawin1 @milephakphum https://t.co/aa39lLe9nv"
2023-02-09 21:00:03,In your heart ,ไม่หลับไม่นอน
2023-02-09 21:01:03,,ทำยังไงอ่ะ ตื่นมาร้องไห้ตอนตี4แล้วตอนเช้าต้องไปทำงาน ได้นอนไปชมเดียวเอง จะไหวมั้ยอ่ะ
2023-02-09 21:01:02,,เมื่อวานนอนตี 5 เกือบ 6 โมง ละวันนี้นอนกี่โมงหนิ จริงๆคือควรรีบนอนนะ เพราะมีบินเที่ยง ออกบ้าน 6 โมง 🥲 เป็นกำลังใจให้ร่างกายนขด้วยนะคะ ขอโทษทีที่ใช้งานหนักหน่วง
2023-02-09 21:01:01,,@SeenJum ง่วงก็ไปนอนนน
2023-02-09 21:00:57,"𝙩𝙤𝙤 𝙝𝙤𝙩, 𝙩𝙤𝙤 𝙝𝙤𝙩",อเมกาโน่ทำกูไม่ได้หลับไม่ได้นอนเลย ปากหาวฟอดๆเเต่ตาค้างสู้ชีวิตมาตั้งเเต่เที่ยงคืน จะตาย
2023-02-09 21:00:51,,@mehorny2021 นอนปุๆ
2023-02-09 21:00:40,,นอนดึกอีกละ
2023-02-09 21:00:37,,@grcgr4c โห่แข่งกันกันหนูเลยนอนดึกเพราะทำรูปเนี่ย5555 ชอบมากกก
2023-02-09 21:00:33,,แต่นอนน้อย กินข้าวไม่ตรงเวลาไอ้สีนด่า จบ
2023-02-09 21:00:10,,ผลของการนอนไม่หลับปวดหัวไปดิ
2023-02-09 21:00:05,"จ.ชลบุรี, ประเทศไทย","โทษน้ะเมื่อคืนไม่สบายนอนแต่ยังไม่สองทุ่มเลยไม่ไดช่วยเทรนรักน้ะพ่อเขม คุณฉัตร
#GiffarineChinaxMileApo
@Nnattawin1 @milephakphum https://t.co/aa39lLe9nv"
2023-02-09 21:00:03,In your heart ,ไม่หลับไม่นอน
2023-02-09 18:26:47,,โฟ้ดนอนยัง ป้านอนด้วย
2023-02-09 18:26:46,ขอนแก่น,ใครยังไม่นอน มาเปิดกล้องกัน👅👅👅
2023-02-09 18:26:44,"เหมียว,ลูกอม,ลูกชิ้น ❤️",นอนล่ะเคร้งๆ
2023-02-09 18:26:43,"อ.เมืองพิษณุโลก, จ.พิษณุโลก","ที่ทุกวันนี้นอนไม่ค่อยอิ่ม 
เป็นเพราะก่อนนอนไม่มีใครให้กินรึเปล่านะ😜"
2023-02-09 18:26:47,,โฟ้ดนอนยัง ป้านอนด้วย
2023-02-09 18:26:46,ขอนแก่น,ใครยังไม่นอน มาเปิดกล้องกัน👅👅👅
2023-02-09 18:26:44,"เหมียว,ลูกอม,ลูกชิ้น ❤️",นอนล่ะเคร้งๆ
2023-02-09 18:26:43,"อ.เมืองพิษณุโลก, จ.พิษณุโลก","ที่ทุกวันนี้นอนไม่ค่อยอิ่ม 
เป็นเพราะก่อนนอนไม่มีใครให้กินรึเปล่านะ😜"
2023-02-09 15:53:27,"CHIANG MAI, THAILAND",ชีวิตไม่มีอะไรแน่นอนแต่เราต้องนอน https://t.co/RCSMe7KwSS
2023-02-09 15:53:23,,อ่านอิปไปเป็นอปไป้ ควรไปนอน 😭
2023-02-09 15:53:20,BP│JS│JN│RS│LS│BLINK│EFCL,นอนเถอะนะคนดี555555555 กลัวทะลุ2Mมากตอนนนี้ ลำบากวันนี้วันหน้ายิ่งกว่าฮือออออ หอมแดงงงงง หยุ๊ดดดดดด #ENGLOTxRapidLife #อิงล็อต https://t.co/maNlgrhCLk
2023-02-09 15:53:20,ซ้ายสุด,มันอิ่ม​ความสุข​จน​ล้น​ออกปาก​อยู่​ละ​ นอนตะแคง​ยั​งไม่​ได้เลย​มัน​จะ​ไหล​ออก​ทาง​หู
2023-02-09 15:53:27,"CHIANG MAI, THAILAND",ชีวิตไม่มีอะไรแน่นอนแต่เราต้องนอน https://t.co/RCSMe7KwSS
2023-02-09 15:53:23,,อ่านอิปไปเป็นอปไป้ ควรไปนอน 😭
2023-02-09 15:53:20,BP│JS│JN│RS│LS│BLINK│EFCL,นอนเถอะนะคนดี555555555 กลัวทะลุ2Mมากตอนนนี้ ลำบากวันนี้วันหน้ายิ่งกว่าฮือออออ หอมแดงงงงง หยุ๊ดดดดดด #ENGLOTxRapidLife #อิงล็อต https://t.co/maNlgrhCLk
2023-02-09 15:53:20,ซ้ายสุด,มันอิ่ม​ความสุข​จน​ล้น​ออกปาก​อยู่​ละ​ นอนตะแคง​ยั​งไม่​ได้เลย​มัน​จะ​ไหล​ออก​ทาง​หู
2023-02-09 13:20:04,,"เหนื่อย!!ท้อ อยากจบชีวิตสุดๆๆตอนนี้เงินไม่มีซักบาท ห้องไม่มีอยู่ นอนในรถ จอดตามปั๊ม เห้อ สุดๆๆละชีวิต มีใครพอช่วยหนูไดเปะอยากได้ห้อง อยากทำงาน
ยืมก็ได้ค่ะ ลำบากจิงๆๆๆ
**งดดรามา  ไม่เจอกับตัง พวกคุนไม่รู้แน่นอร https://t.co/MQPdtFx49U"
2023-02-09 13:19:59,มัมเมี๊ยวมัมมุ้♡,อ้ยยชอบมากนอนขำ555555555555
2023-02-09 13:19:49,"(name saintlouis​ | tw : skoolxsre)​ I'm not taken , I'm simple on reserve for the one who deserves my heart #SKOOLXREAL​",@NT10XPHOP นอนดีๆ
2023-02-09 13:19:43,ʙᴀʀᴄᴏᴅᴇᴛɪɴ,ยมสุดเมื่อไหร่จะถึงบ้านอยากนอนกอดแมว
2023-02-09 13:20:04,,"เหนื่อย!!ท้อ อยากจบชีวิตสุดๆๆตอนนี้เงินไม่มีซักบาท ห้องไม่มีอยู่ นอนในรถ จอดตามปั๊ม เห้อ สุดๆๆละชีวิต มีใครพอช่วยหนูไดเปะอยากได้ห้อง อยากทำงาน
ยืมก็ได้ค่ะ ลำบากจิงๆๆๆ
**งดดรามา  ไม่เจอกับตัง พวกคุนไม่รู้แน่นอร https://t.co/MQPdtFx49U"
2023-02-09 13:19:59,มัมเมี๊ยวมัมมุ้♡,อ้ยยชอบมากนอนขำ555555555555
2023-02-09 13:19:49,"(name saintlouis​ | tw : skoolxsre)​ I'm not taken , I'm simple on reserve for the one who deserves my heart #SKOOLXREAL​",@NT10XPHOP นอนดีๆ
2023-02-09 13:19:43,ʙᴀʀᴄᴏᴅᴇᴛɪɴ,ยมสุดเมื่อไหร่จะถึงบ้านอยากนอนกอดแมว
2023-02-09 10:46:22,,เหนื่อยสะสมสุดๆ นอนหลับตั้งแต่บ่ายสามจรถึงตอนนี้ แบบไม่ได้ยินเสียงอื่นๆเลอ สะดุ้งตื่นเองเฉยๆ
2023-02-09 10:46:22,อื้ออืม👉🏻,ไม่ชอบโดนทักโดนตามอะ เลยสบายใจจะคบกับเพื่อนไทป์นุ่ม ๆ มากกว่า (แต่ไม่ได้ห้ามนะตามได้แต่ไม่ได้อยากโดนตามตลอดเวลา) เคยไปค้างบ้านตี้เจอคนโทรมาอวดแมวกับมัน(มันนอนแล้ว)แล้วก็วางไป ขั้นแบบห้ะ ?!?
2023-02-09 10:46:15,Free account,ฝืนไม่นอนตอนเย็นไม่ไหวแนะ ขอให้ได้งีบสักหน่อยก็พอใจ🫠
2023-02-09 10:46:12,La Maison Café,"@WeerapopP_MYU อันต้องได้กอด ๆ ซุก ๆ พุงฮิเมะก่อนนอน

11"
2023-02-09 10:46:01,"⠀⠀⠀⠀ ⠀⠀⠀⠀⠀⠀⠀⠀⠀⠀ ⠀⠀⠀⠀ ✞͢💀𓈒 

⠀⠀⠀    ⓘ  𝖍ell is empty and 
⠀⠀⠀⠀⠀⠀  all the devils are here

⠀⠀ ✰⃣✰ ✰
",@9tinxnatia นอนดีมั้ยคะ
2023-02-09 10:46:22,,เหนื่อยสะสมสุดๆ นอนหลับตั้งแต่บ่ายสามจรถึงตอนนี้ แบบไม่ได้ยินเสียงอื่นๆเลอ สะดุ้งตื่นเองเฉยๆ
2023-02-09 10:46:22,อื้ออืม👉🏻,ไม่ชอบโดนทักโดนตามอะ เลยสบายใจจะคบกับเพื่อนไทป์นุ่ม ๆ มากกว่า (แต่ไม่ได้ห้ามนะตามได้แต่ไม่ได้อยากโดนตามตลอดเวลา) เคยไปค้างบ้านตี้เจอคนโทรมาอวดแมวกับมัน(มันนอนแล้ว)แล้วก็วางไป ขั้นแบบห้ะ ?!?
2023-02-09 10:46:15,Free account,ฝืนไม่นอนตอนเย็นไม่ไหวแนะ ขอให้ได้งีบสักหน่อยก็พอใจ🫠
2023-02-09 10:46:12,La Maison Café,"@WeerapopP_MYU อันต้องได้กอด ๆ ซุก ๆ พุงฮิเมะก่อนนอน

11"
2023-02-09 10:46:01,"⠀⠀⠀⠀ ⠀⠀⠀⠀⠀⠀⠀⠀⠀⠀ ⠀⠀⠀⠀ ✞͢💀𓈒 

⠀⠀⠀    ⓘ  𝖍ell is empty and 
⠀⠀⠀⠀⠀⠀  all the devils are here

⠀⠀ ✰⃣✰ ✰
",@9tinxnatia นอนดีมั้ยคะ
2023-02-09 08:12:48,feel free to unfollow | block ,"#คุกฟ้ายูเมะ #บันทึกความทรงจำปลายปากกาขนนก 📖🪶

เปิดตัวลูกสาวค่ะ! เด็กคนนี้ชื่อฮานะโนะ นัทสึจังคับ เป็นก้อนฟูๆของอิแม่ค่ะ
ไม่ได้เล่นยูเมะนานมาก ขอฝากนัทสึจังไว้ในอ้อมอกอ้อมใจด้วยนะคะ🙇‍♀️🙇‍♀️🫶🏻❤️

ส่วนภาพคู่กับแคนนอนเดี๋ยวมาแปะอีกทีค่ะ ขอเก็บไว้ก่อน
( ถึงแท็คจะสปอยไปแล้วก็เถอะ ) https://t.co/BRY5Vtjd3q"
2023-02-09 08:12:42,,"ทำไมวันวันหนึ่งลูกชายทำอะไรได้เยอะจังวะ
ตัดภาพมาที่ชั้น ลงเวรนอน ตื่นมากิน นอนต่อ 
ออกมากินข้าว กลับไปนอน ตื่นไปขึ้นเวร"
2023-02-09 08:12:42,,@___Katheryn แย่มากอะ55555555 วันๆ รถบัส ห้องนอน ขยะก็ไม่ทิ้ง เวทนามากเว่อ
2023-02-09 08:12:40,,"กูบอกพ่อแม่ปล่อยวัดแล้ใ หาเงินไปหาหมอเอง
เขา : เป็นแมวหรอ ปล่อยวัดด
กู : อยากเป็นแมวอะ ไม่ต้องทำงาน กินๆนอนๆเล่นๆ หมดวัน
เขา : เจ้าขี้เกียจจจ
👁👄👁"
2023-02-09 08:12:37,૮₍.ᵔ ᵕ ᵔ.₎ა 🫶 ૮₍ᓀˬᓂ₎ა,@espresso_k นอนก่อนค่อยมาก้ได้งั้น
2023-02-09 08:12:36,"Thrive Central, 7th Ward",@jewjew4ever คนพากย์ออซก็กรณีเดียวกันกับคนพากย์พี่ติ๊กนี่แหละค่ะ  แต่เหมือนลามไปนอนด้วยถ้าจำไม่ผิด
2023-02-09 08:12:35,ค่าแลกแพงแต่ไม่โกงแน่นอนครับ,"คิวว่างเปิดรับแลกเงินตลอดนะครับ🛒
(สนใจฟอลหรือเฟบแล้วเดมมาได้เลย❤️‍🔥)
แจ้งยอด + ช่องทาง + ชื่อตรง/ไม่ตรง
มีค่าธรรมเนียมวอกับค่าแลกชื่อไม่ตรงครับ
ร้านนี้เปิดตลอดนะค้าบจนกว่าจะนอน🛒
#แลกเงิน #รับแลกเงิน #รับโอนเงิน 
#โอนวอเลต #รับแลกวอลเลต #แลกวอเลท 
#รับแลกตัง #รับแลกวอเลต #รับโอน https://t.co/8T5AwwWkj8"
2023-02-09 08:12:33,ตึกปลาเค้ก,กุง่วงนอน
2023-02-09 08:12:28,,@OaeypcnOfficial นโยบาย :: ส่งเสริมให้ที่หลักรักกินอิ่มนอนหลับค่ะ 😆😆😆
2023-02-09 08:12:48,feel free to unfollow | block ,"#คุกฟ้ายูเมะ #บันทึกความทรงจำปลายปากกาขนนก 📖🪶

เปิดตัวลูกสาวค่ะ! เด็กคนนี้ชื่อฮานะโนะ นัทสึจังคับ เป็นก้อนฟูๆของอิแม่ค่ะ
ไม่ได้เล่นยูเมะนานมาก ขอฝากนัทสึจังไว้ในอ้อมอกอ้อมใจด้วยนะคะ🙇‍♀️🙇‍♀️🫶🏻❤️

ส่วนภาพคู่กับแคนนอนเดี๋ยวมาแปะอีกทีค่ะ ขอเก็บไว้ก่อน
( ถึงแท็คจะสปอยไปแล้วก็เถอะ ) https://t.co/BRY5Vtjd3q"
2023-02-09 08:12:42,,"ทำไมวันวันหนึ่งลูกชายทำอะไรได้เยอะจังวะ
ตัดภาพมาที่ชั้น ลงเวรนอน ตื่นมากิน นอนต่อ 
ออกมากินข้าว กลับไปนอน ตื่นไปขึ้นเวร"
2023-02-09 08:12:42,,@___Katheryn แย่มากอะ55555555 วันๆ รถบัส ห้องนอน ขยะก็ไม่ทิ้ง เวทนามากเว่อ
2023-02-09 08:12:40,,"กูบอกพ่อแม่ปล่อยวัดแล้ใ หาเงินไปหาหมอเอง
เขา : เป็นแมวหรอ ปล่อยวัดด
กู : อยากเป็นแมวอะ ไม่ต้องทำงาน กินๆนอนๆเล่นๆ หมดวัน
เขา : เจ้าขี้เกียจจจ
👁👄👁"
2023-02-09 08:12:37,૮₍.ᵔ ᵕ ᵔ.₎ა 🫶 ૮₍ᓀˬᓂ₎ა,@espresso_k นอนก่อนค่อยมาก้ได้งั้น
2023-02-09 08:12:36,"Thrive Central, 7th Ward",@jewjew4ever คนพากย์ออซก็กรณีเดียวกันกับคนพากย์พี่ติ๊กนี่แหละค่ะ  แต่เหมือนลามไปนอนด้วยถ้าจำไม่ผิด
2023-02-09 08:12:35,ค่าแลกแพงแต่ไม่โกงแน่นอนครับ,"คิวว่างเปิดรับแลกเงินตลอดนะครับ🛒
(สนใจฟอลหรือเฟบแล้วเดมมาได้เลย❤️‍🔥)
แจ้งยอด + ช่องทาง + ชื่อตรง/ไม่ตรง
มีค่าธรรมเนียมวอกับค่าแลกชื่อไม่ตรงครับ
ร้านนี้เปิดตลอดนะค้าบจนกว่าจะนอน🛒
#แลกเงิน #รับแลกเงิน #รับโอนเงิน 
#โอนวอเลต #รับแลกวอลเลต #แลกวอเลท 
#รับแลกตัง #รับแลกวอเลต #รับโอน https://t.co/8T5AwwWkj8"
2023-02-09 08:12:33,ตึกปลาเค้ก,กุง่วงนอน
2023-02-09 08:12:28,,@OaeypcnOfficial นโยบาย :: ส่งเสริมให้ที่หลักรักกินอิ่มนอนหลับค่ะ 😆😆😆
2023-02-09 05:39:06,@titarr15,@gus9gus นอนไม่ได้อะดิ
2023-02-09 05:39:05,"Saint Petersburg, Russia",อมก เปิดประสบ คนจีนนอนกลางวันที่ออฟฟิศ​ กรนดังมากกกกก ละออฟฟิศเงียบมาก มีแต่เสียงกรนตอนนี้ กุจะทำงานยังไงเอ่ย
2023-02-09 05:39:06,@titarr15,@gus9gus นอนไม่ได้อะดิ
2023-02-09 05:39:05,"Saint Petersburg, Russia",อมก เปิดประสบ คนจีนนอนกลางวันที่ออฟฟิศ​ กรนดังมากกกกก ละออฟฟิศเงียบมาก มีแต่เสียงกรนตอนนี้ กุจะทำงานยังไงเอ่ย
2023-02-09 03:05:30,ประเทศไทย,"@lailanovels นอนอ่านหนังสือกับดูซีรีย์พักผ่อน แล้วกลับมาเริ่มอ่านงานอีกรอบ อยากพาลูกๆไปถึงฝั่ง
https://t.co/gzX5WzKAS5"
2023-02-09 03:05:28,,ถ้าวิโรจน์ไม่เหมาที่จะสู้กับชัชชาติ แล้วใครเหมาะในสายตาคุณคลิส คุณคลิสเขาได้เสนอไหมคะ นั่งคิดนอนคิดก็ไม่เห็นคนที่เหมาะกว่านี้แล้วนะเพราะการทำงานในสภาในระยะเวลาไม่นานแต่วิโรจน์โดดเด่นมาก และปัญหาของกรุงเทพมันคือทุนใหญ่ จะมีใครกล้าด่ากล้าชนทุนใหญ่ถ้าไม่ใช่วิโรจน์
2023-02-09 03:05:25,,เอ็นดูได้นอนบ้างอะยังง สุ้ๆนะคะ😁 #อิงฟ้ามหาชน https://t.co/ip9O4Y4sKd
2023-02-09 03:05:24,잼른 맠잼 3lee,คนอะไรมันจะนอนในกองตุ๊กตาแล้วหล่อขนาดนี้นอกจากไม่ใช่คนละ เกินปายยผู้ชายคนนิ่ https://t.co/ZLTMCAbnJz
2023-02-09 03:05:30,ประเทศไทย,"@lailanovels นอนอ่านหนังสือกับดูซีรีย์พักผ่อน แล้วกลับมาเริ่มอ่านงานอีกรอบ อยากพาลูกๆไปถึงฝั่ง
https://t.co/gzX5WzKAS5"
2023-02-09 03:05:28,,ถ้าวิโรจน์ไม่เหมาที่จะสู้กับชัชชาติ แล้วใครเหมาะในสายตาคุณคลิส คุณคลิสเขาได้เสนอไหมคะ นั่งคิดนอนคิดก็ไม่เห็นคนที่เหมาะกว่านี้แล้วนะเพราะการทำงานในสภาในระยะเวลาไม่นานแต่วิโรจน์โดดเด่นมาก และปัญหาของกรุงเทพมันคือทุนใหญ่ จะมีใครกล้าด่ากล้าชนทุนใหญ่ถ้าไม่ใช่วิโรจน์
2023-02-09 03:05:25,,เอ็นดูได้นอนบ้างอะยังง สุ้ๆนะคะ😁 #อิงฟ้ามหาชน https://t.co/ip9O4Y4sKd
2023-02-09 03:05:24,잼른 맠잼 3lee,คนอะไรมันจะนอนในกองตุ๊กตาแล้วหล่อขนาดนี้นอกจากไม่ใช่คนละ เกินปายยผู้ชายคนนิ่ https://t.co/ZLTMCAbnJz
2023-02-09 00:32:01,,"กูอยากนอนมากอห อยากนอนอะอิดอก
ไม่อยากทำไรเลย อยากนอนทั้งวันอย่างเดียว ง่วงชิบหาย เหนื่อย"
2023-02-09 00:31:46,Chupachupssstens,อห นี่นอนประมาณ 23.38 บาท บ้านโพส 23.40 555555555555
2023-02-09 00:32:01,,"กูอยากนอนมากอห อยากนอนอะอิดอก
ไม่อยากทำไรเลย อยากนอนทั้งวันอย่างเดียว ง่วงชิบหาย เหนื่อย"
2023-02-09 00:31:46,Chupachupssstens,อห นี่นอนประมาณ 23.38 บาท บ้านโพส 23.40 555555555555
